fixture,lane,wire_bytes,p50_us,p95_us
plain,json-encode,5871,4.856,4.883
plain,protobuf-encode,5707,1.051,1.064
plain,json-decode,5871,5.915,5.979
plain,protobuf-decode,5707,3.972,4.028
ansi,json-encode,6231,5.480,6.255
ansi,protobuf-encode,4827,0.820,0.833
ansi,json-decode,6231,11.392,11.456
ansi,protobuf-decode,4827,3.812,3.882
unicode,json-encode,3351,3.116,3.187
unicode,protobuf-encode,3147,0.840,0.843
unicode,json-decode,3351,9.025,9.081
unicode,protobuf-decode,3147,7.205,7.392
large,json-encode,21432,16.455,16.504
large,protobuf-encode,21379,3.505,3.528
large,json-decode,21432,19.887,19.966
large,protobuf-decode,21379,14.511,14.663
